[
  {
    "route": "",
    "flowLayout": false,
    "params": {},
    "title": "Main Layout",
    "children": [
      {
        "route": "",
        "menu": {
          "exclude": true
        },
        "flowLayout": false,
        "params": {},
        "title": "Main"
      },
      {
        "route": "artista-list",
        "title": "Artistas",
        "menu": {
          "icon": "vaadin:clipboard-check",
          "order": 1,
          "title": "Artistas"
        },
        "flowLayout": false,
        "params": {}
      },
      {
        "route": "artistabanda-list",
        "title": "Artista Banda",
        "menu": {
          "icon": "vaadin:clipboard-check",
          "order": 3,
          "title": "Artista Banda"
        },
        "flowLayout": false,
        "params": {}
      },
      {
        "route": "banda-list",
        "title": "Banda",
        "menu": {
          "icon": "vaadin:clipboard-check",
          "order": 2,
          "title": "Banda"
        },
        "flowLayout": false,
        "params": {}
      },
      {
        "route": "cancion-list",
        "title": "Cancion",
        "menu": {
          "icon": "vaadin:clipboard-check",
          "order": 1,
          "title": "Cancion"
        },
        "flowLayout": false,
        "params": {}
      },
      {
        "route": "expresion-list",
        "title": "Expresion",
        "menu": {
          "icon": "vaadin:clipboard-check",
          "order": 3,
          "title": "Expresion"
        },
        "flowLayout": false,
        "params": {}
      },
      {
        "route": "practica",
        "menu": {
          "order": 6,
          "icon": "line-awesome/svg/chart-line-solid.svg"
        },
        "title": "Práctica de Algoritmos",
        "flowLayout": false,
        "params": {}
      },
      {
        "route": "task-list",
        "title": "Task List",
        "menu": {
          "icon": "vaadin:clipboard-check",
          "order": 1,
          "title": "Task List"
        },
        "flowLayout": false,
        "params": {}
      }
    ]
  }
]